"ID","Key","Value"
"id-76f2c56aeba347f5b97789b558ac9b06","",""
"id-76f2c56aeba347f5b97789b558ac9b06","Actvities","Prepare for System Analysis"
"id-aeccb46daad741a88d9ff88191b9bec6","Directed","true"
"id-6c6c17aff63949538abb4f2dc2da9eea","Directed","false"
"id-38189dfcce3e4a89ae1e302e799fb306","Access_Type","Write"
"id-d92b24d1883b4427ae1f6bd7b03bf731","Directed","false"
"id-dce4dbb4fae94529b0fb1c16239caa0a","Directed","false"
"id-0410f1785f794678b65291ea037ac826","Directed","false"
"id-47bd8257901444b1a56888857c7ecb0e","Directed","false"
"id-bffc5f04c9e44180b9c72d879e46022d","Directed","false"
"id-70a5aec7957140888a4fa15a4a1d4e60","Directed","false"
"id-1fa276d7b85a44d4868f357373d4438f","Directed","false"
"id-85c46b2500824e25b73335209cec366f","Access_Type","Write"
"id-51f3871de21846d481b3c35d135eb0c3","Directed","false"
"id-790672fe8aed4b4eb151ff35cfba4bdb","Access_Type","Write"
"id-969f62a094524403a38eaf46a44e811a","Directed","false"
"id-b3b7cba36fd14285aef79c60b92fcf1a","Directed","false"
"id-83a2057d48ee4a2b81e66a5dbcee0509","Directed","false"
"id-c2a6179f0a64407e97215e6140bb00eb","Directed","false"
"id-f489dba87ba845758c28e624de1e86af","Directed","false"
"id-657fbc40fff648579caf5a7ccd05dada","Directed","false"
"id-ab8699466fe24207afb6a04cb98f65de","Directed","false"
"id-3eaefe39b5c047aab67f4a8262b70794","Directed","true"
"id-324f812ab3454870af7381c6e75e358c","Directed","false"
"id-89464a21d9194639adff8872f7816871","Directed","true"
"id-0343a2ea58f5446e9cd19458317622a3","Directed","true"
"id-c7b2666bb7814d4a973117491645e078","Directed","true"
"id-ccd19651f2f9489296fcf60ee3f2ae7f","Directed","true"
"id-894018f297cd40b28a9b7baea1aefcfa","Directed","true"
"id-80a5841865b74e3bb60bcc4bc52fa322","Directed","false"
"id-876c088df789468f981eb803d4accf7f","Directed","false"
"id-e0ef535cdf1e45ba9265e484dfb0b2b4","Directed","false"
"id-e4fb20e7cd2745fe969fad41ab395233","Directed","true"
"id-675d843fef61489c90cf8cb77bf8e1f5","Directed","false"
"id-aabc4aee85c649ec8cf7559eedec5900","Directed","true"
"id-a875def941a64e5ea03127dd6543731e","Directed","true"
"id-3b2a1c964e2f46f5bcdea6bfddb59a5b","Directed","true"
"id-840e7eca59054e0fbdf4d47fdc341bf7","Directed","true"
"id-08db8b1a5c3d4b49a09a165c43eba03f","Directed","true"
"id-02bf7af7150f4f2ba5c98a30e312169e","Directed","false"
"id-f8dd5a9930034fa4ba8a7ae602145ea4","Directed","true"
"id-461995a1463f45f1935a3587f6b1d488","Directed","true"
"id-93b6c8524f114d6cab99701cc9631f29","Directed","true"
"id-ae818c08e1ea418a8c5500b7d7246444","Directed","true"
"id-cbb665c0ba8e4453a9765be5b433572d","Directed","true"
"id-228616bbfda441ab868110070627b6ed","Directed","false"
"id-6b763aea793a44ccbae138b87c65dd88","Directed","true"
"id-7ea6c43797864feb842e712561bd8afb","Directed","true"
"id-6a602d236663471089286d0fa945d556","Directed","true"
"id-cefa85ae23ea4672b66b7828a5f1e128","Directed","true"
"id-66db0762d1304c2d9971befc0db6f341","Directed","true"
"id-4505ee01443346d5ad91be8872b21c63","Directed","true"
"id-17f189424c07497fb7283b143d0557c7","Directed","true"
"id-492de7220435422d92b30cd20feb0d4f","Directed","true"
"id-5d3a9f7f48a142ba8c25f175b5154dcb","Directed","true"
"id-146753f862034f8eb25de883b2b1002b","Directed","true"
"id-3a66f3f1b1a54d0a8b9f638fa57f22b0","Directed","true"
"id-e1e070b71b2e4aa491829f7fe2692ee3","Directed","true"
"id-a2e33a4852464996a03920961bcb60ff","Directed","true"
"id-f8be6b0aec20490d9e17c7882db63463","Directed","true"
"id-4a82f1fe8eb4492da5275686ce797689","Directed","true"
"id-987a5f4c5f214096bb12ce198dc0dd6d","Directed","true"
"id-0232387413d14405bc6cc80bccf899c9","Directed","false"
"id-1917431f19a840088c77438976b36ba4","Directed","true"
"id-5c6cab62b0b34e2e8ceb082e55a5f192","Directed","true"
"id-81ffe165d80148e79a96d530bbe80676","Directed","false"
"id-8a278fde25fc4d62919e2d560d4aeb78","Directed","true"
"id-8d676fe0f172432587dccc68d63a2258","Directed","true"
"id-d5d2cd2dbe194f58afdc06440ac50ad8","Directed","true"
"id-3d7d1135e71e4a6c820877ffacc88320","Directed","true"
"id-29c33e3f10334dff828f73f1f1308db5","Directed","true"
"id-14fd37e83e2d436785c7073e039623f0","Directed","true"
"id-abb704190946441b9ba8aa466ca1a8d8","Directed","true"
"id-e251f8ed062c4534bbe062765afd0641","Directed","true"
"id-faafe34612b646bc9f171ef302cf3d7c","Directed","true"
"id-bb23458a4d6a4e6b9245524952a25725","Directed","true"
"id-fba9178fcaa84d5a97d6a5253f99ccae","Directed","true"
"id-90fe04ea9ca24884b2a3a4e1776e7c03","Directed","true"
"id-036aca5c3fbd4ef6bf375f0a65109050","Directed","true"
"id-685d805b78e24d3e9cf36e9ea9c1940c","Directed","false"
"id-2f79914f775d43e2921e7294f8764051","Directed","false"
"id-691dbbcfa91c41548ba3f47d7288276d","Directed","false"
"id-a0a3dd986c3648a9ad88804ba3be0852","Directed","false"
"id-6c501642033447fc82add4c9d7d9200f","Directed","false"
"id-6a15e570c9b34f61a70a065fe255f4ed","Directed","false"
"id-41b310c1d3b54b57a82a01d5e35a6fd9","Directed","false"
"id-6039e0b0f6f94bc9b3a16dabc02cac0d","Directed","false"
"id-8b61cb8790b3448b9e0081b41880d672","Directed","true"
"id-f75bd7a4a4b54f47a12e600c6b78d657","Directed","true"
"id-06db505eb20846bfa8d845e0ef57b3eb","Directed","true"
"id-24ae6dec330246aeafdd489e67892e8c","Directed","true"
"id-0e2570f4b9234cdf899054b42c35e6d0","Directed","true"
"id-5bf7e64a1bc34d9aad383385b436d708","Directed","true"
"id-70940d29b958485b8516ee764434c2a7","Directed","true"
"id-4fe850407cf64f608ada70d691bd29e1","Directed","true"
"id-6ddc671e46fe479286462561eb90b1f9","Directed","true"
"id-c7902f97c54e4c62831bfca178c0c3fa","Directed","true"
"id-00631afac96d42e58dfd98b6e4386402","Directed","true"
"id-e7ceb3f0a1db43998d1e68be8bf45e6c","Directed","true"
"id-5eeedc7e21404551919ab2d947b6f021","Directed","true"
"id-4341478e5ada4405a6fd511c02ea3c25","Directed","true"
"id-934a01fc2efa443c95a19777f4d2e677","Directed","true"
"id-1ec7f03bbda8490d8d67ee3eecb603b9","Directed","true"
"id-168880295fa5497eac597403f58d5c2d","Directed","false"
"id-599ce7ea994042c2993ee72d05784a39","Directed","true"
"id-9d2c0fac203a4f919f183d20f442d3b9","Directed","true"
"id-6751a004fc2e467da6cc45ec77466578","Directed","true"
"id-655347abb3294f139eae4e060d46faa7","Directed","false"
"id-8ec3dffea2384a60873fb23aaafe2372","Directed","false"
"id-bc224becaf164f58bff69a8975b060da","Directed","false"
"id-98430157a4f04a91bc2db998e714a131","Directed","false"
"id-d52bdee57d374264a9d1628ec85a9fb8","Directed","false"
"id-5538f8a6674644e3b7cc19af6070255f","Directed","false"
"id-0315e74242f543088c55d9fca44d2bc8","Directed","false"
"id-66f42badcc164d3ea5b414d7d4d2d37e","Directed","false"
"id-4642780473064c5ba25584c7176276cd","Directed","true"
"id-9442b00f14d844adaaff61b8234b1449","Directed","true"
"id-55c8c647581a4cd6aa2e66c82d924a7d","Directed","true"
"id-6dd0953237814e2f828c714a4b224f68","Directed","true"
"id-ea6d004640834c5ca383ec9e5547b610","Directed","true"
"id-1a6b8753b6664e63802183c24bba5e83","Directed","false"
"id-58ea482e9b6c49cd9e5d7972e8734e0f","Directed","false"
"id-ad9e7f79189649a39c24b96b40ff02ca","Directed","false"
"id-0cc501046837494f82b7609136d6386e","Directed","false"
"id-8ebb570813c54d56affb7c852b436519","Directed","false"
"id-a1eb621cf3cf4ea1ad9c38f67a47aaba","Directed","false"
"id-2d34089b8bc94d0ab7de5e765ef6e3b1","Directed","false"
"id-47b90991e3a4431dbb467e83c9870925","Directed","false"
"id-e7156218f8894b639c52be0ac4817ac5","Directed","false"
"id-969ed5c6048c42a79c5fa76be4f82410","Directed","true"
"id-dfec845c67634432a4314ca22388bca7","Directed","true"
"id-20932772c74f4a079549c6dd3bfb96bc","Directed","true"
"id-e124c81cf6e648c0b66aec2b12fd442b","Directed","true"
"id-afe8e556fa124236bde9560ca6e48f2b","Directed","true"
"id-a36ac8ff0620402295951f9695b1889b","Directed","true"
"id-ad91a81f935f4d3aa10b92120b5a91ca","Directed","true"
"id-e997173fa7604dbcacf7a81ec3fb35df","Directed","true"
"id-777346a550e1434299df6dc3fd0a93a1","Directed","true"
"id-715b4f0a5f8a4bbd962b392eb4dc257f","Directed","false"
"id-1713944e04d8471d9d1caa19fd6e7591","Directed","true"
"id-d3dc6faadcd34c9396bc24a386625f6c","Directed","true"
"id-8449c891398f412bbe27f7f15317d3f9","Directed","true"
"id-c45df1f49a1040eebaf0af95bb509ef4","Directed","true"
"id-5941b907d2f24157ba8464e76c86f156","Directed","true"
"id-a70303d4931348a0b695b9e28435eae8","Directed","true"
"id-55f7c3cf70e94dd681eba890197c0358","Directed","true"
"id-9c247a58755b47bc8bd4ef2a6e96cd74","Directed","true"
"id-6a7a10e1e54b495c9024c60abe0d0ef6","Directed","true"
"id-05113ec1cd554cb2a4544f8d5bee8e37","Directed","true"
"id-ed5ed6a49317421f9f9ee8a1cf3af2a8","Directed","true"
"id-d19618bbd7304b6aaf34ead16706c55c","Directed","true"
"id-cd75a8aa3d9244e684d48cf0754b6276","Directed","true"
"id-543fc453f7c44dcf88f256c6b66b1d81","Directed","true"
"id-a5a8ae9752f34d1ca527608d5eb34597","Directed","true"
"id-46d70b98d22c47e3a41ec981b1872f21","Directed","true"
"id-42318b363c0540198dd44a09f941bf62","Directed","true"
"id-f9c80d91cce745efa1472dbb9921c9cf","Directed","true"
"id-a2d6eedb69de4a00b811da5cee7113d3","Directed","true"
"id-05a7949a576c41c9acb479344d89cbc9","Directed","true"
"id-b4f92d7361ea4d82ad5eaa8e49bcfe70","Directed","true"
"id-6a04ffcb84e44577b6a17a49ca479fa3","Directed","true"
"id-04276c009196444485b32a2ec8d4fb4f","Directed","true"
"id-6d23d5dab6cd4b169be1a6667914473c","Directed","true"
"id-4d75f502f1aa4667ae02fb8eae701782","Directed","true"
"id-e135bacbd9a44231ad901956e848c5eb","Directed","true"
"id-c8c0dcbf2df04afa93116e035ac66b1a","Directed","true"
"id-cfccdd890f5b40fab8e67b6707db57d8","Directed","true"
"id-ad74d220cd1a4d6c8b4d6dd411c05d1d","Directed","true"
"id-a33071093ca4441a91a360df1f2e849d","Directed","true"
"id-c4265ecf4c3d41b3ba0968d85488c080","Directed","true"
"id-2d2e25ea401a42ccafcc9c50a91d0561","Directed","true"
"id-64474ae01e8a41a3b3eee3b469337526","Directed","true"
"id-be66e992f60a48a4b3a4fa1ec1ec9ddc","Directed","true"
"id-4e151f7e345e4fefa4ca8524034cbb06","Directed","true"
"id-a5fb59311f464a4f965c3681a2b0fc17","Directed","true"
"id-64f97b41a867492ab114390dfbc8756f","Directed","true"
"id-2f21e9ce7fbf421ea2b2e55ca7b7aad7","Directed","true"
"id-7fcd24d97bcb434db4fc20a150b8c5fd","Directed","true"
"id-22b9c9476cef4501bf2c263971d94bd3","Directed","true"
"id-7b0d7c37fdcd43829fd178a73b446c7f","Directed","true"
"id-cdd3ad7d488d417d805902ccfca28b81","Directed","false"
"id-5e9c1ac3327941b6a8caea4bef07883e","Directed","false"
"id-1230cde08a4342fc8f6a8410833dc3f2","Directed","false"
"id-504890c9396d4cb58b17a7e2e31ff3fc","Directed","false"
"id-d8338fb7ecb6483dafbd9b15b2f0e81b","Directed","false"
"id-f9287d4d323548909c83033fd8f1d0c5","Directed","false"
"id-98b2e758d57a49eaa9170d71f3da88d2","Directed","false"
"id-6cda0138abf44c7cb87ac03c45b39f58","Directed","true"
"id-a2c99aa72fd44bd89474b1b93a4b4a7c","Directed","false"
"id-dc22ab60ae6c4bd896826cfe9cb896a7","Directed","false"
"id-ddc1544ded01418886b288ac6ebf0a6c","Access_Type","Write"
"id-7b494ee51399407cadab189db99d198a","Directed","true"
"id-f85751087d7446998e4338c619f2809d","Directed","true"
"id-94b7cfc11c13409aa440e04400d001a6","Directed","true"
"id-9de98b9ca4294b97973fdae9fda76a98","Directed","true"
"id-5e8427cfc9c54a7ab42be91d9addbb4b","Directed","true"
"id-5ec6ac985706443386d3b97682bab289","Directed","true"
"id-775aa598e17b4ba2aca35db416e7929b","Directed","true"
"id-efb0f30b2ad84c34b1b08e65ec96c3ef","Access_Type","Write"
"id-5879756ba7fb4d18a63fcc3c4b8b14a2","Directed","true"
"id-dcb20277ee9f4c6b82294a4f89c6c034","Directed","true"
"id-bea3122cf82d4eaab8653505eba721fc","Directed","true"
"id-24cc3a0e60e241cf84e203a6807caf21","Directed","true"
"id-7eda8dc83ca44964af33d734b223f7bd","Directed","true"
"id-6e012aa250b149caa252b24af42111f5","Directed","true"
"id-c583a38c576b4764ac9606ff5c5b7dac","Directed","true"
"id-b2dfea5f7623437d80984e3c0a322534","Directed","true"
"id-04918d18e4d74e4a9a0a4e98a0293c14","Directed","true"
"id-28ef25090b1b4e64a2c3a5b39da8a940","Directed","true"
"id-fa90755dddad47b582f732b729784f6e","Directed","true"
"id-6ac02431fd814fa7aeeb16b1f0e3f614","Directed","true"
"id-c33ccb38c2024f8f97745109e808be1e","Directed","true"
"id-95bdc415e74747379519317c11a990b1","Directed","true"
"id-27e112c6ba3c4220a62aa48fd1b35905","Directed","true"
"id-8241b7d5cbe24504bd3c8a4e69fdd01d","Directed","true"
"id-124fccfb9a184634881bfd634159ff2c","Directed","true"
"id-b85cb041055240deb6f4798364dfb74a","Directed","true"
"id-2e501c55c3214edc81ce5a6d88386981","Directed","true"
"id-8cb8d8e1f02c4fc3bfef305740917646","Directed","true"
"id-91836aac317647078b6a44d89772df61","Directed","true"
"id-7451248ce8bb47598b6e609eb5a765d2","Directed","true"
"id-1b436f641dfc4261b1847c18d8035e5b","Directed","true"
"id-69bca12b8ddf4e41baf00c84c5ee6b18","Directed","true"
"id-92849544fdcc4d26b9b60a9489c3cee1","Directed","true"
"id-c1c2c133bae844ef862061a48e43b8ec","Directed","true"
"id-955b4d57c2f349908aaeda8d84c0fcc8","Directed","true"
"id-e86bda7f940d44ae9ae3326487dc07b1","Directed","true"
"id-b780ef776158438b9ca1024e002227b2","Directed","true"
"id-438525c9dd844f089641873d02a14b9c","Directed","true"
"id-74d5da019c9240fa9cc32e16b6aee188","Directed","true"
"id-d79e2a2c4a6549ef8cdde7352eca2ddc","Directed","true"
"id-eb18eb71df48478d986df91cdf723568","Directed","true"
"id-f6a799d4315b4da890946d38c93d486b","Directed","true"
"id-900829a2267e40b78a619e43dcdc095b","Directed","true"
"id-49f7af0a11e34d688e0658e8ff23831a","Directed","true"
"id-c87f874724b8416a9b23f85e43551b20","Directed","true"
"id-ebdfe5d253fe43fcb9126054fe56e840","Directed","true"
"id-56873a4c0fe04cd6a539bb1912342029","Directed","true"
"id-cdc8f752cd3e4f22b0abd3fddcff11a8","Directed","true"
"id-489084b2487d42c59329cee8dfddb9ae","Directed","true"
"id-4bf7e00b8edd4bf39b7459df9adb1a5e","Directed","true"
"id-5278eae70f5f4521ae4acf3a93ca1da8","Directed","true"
"id-90bc00043e674ae892163d0f52dbe736","Directed","true"
"id-9017de32700a420f8ff44c8d8d505151","Directed","true"
"id-b9a50303543e4d11a9cb98545e81c986","Directed","true"
"id-59b2ecd5dd164b97841c15a07267c2fb","Directed","true"
"id-0ff8a4526ce244c9a2cc544167b81989","Directed","true"
"id-1bec1a72d477486a8332269fe4b49c08","Directed","true"
"id-18a21b3979d74223a768f54453bfdd45","Directed","true"
"id-4c85d6b0a1c745e2bd8cea05ca67699c","Directed","true"
"id-77e9f9fe110c4e5cbd2576633e77b433","Directed","true"
"id-7362867fd28c45c9b95720d7be0a6849","Directed","true"
"id-04eda75d02474264a4b562d95c7b1d0d","Directed","true"
"id-4a6aa8d6966b4a01ba475fc038d371f5","Directed","true"
"id-9dfe61b74d624a889754809b38f5ed93","Directed","true"
"id-9540f62d7d1d4d239dde09c6d9b1229b","Directed","true"
"id-433b15a1e11e46c58f01c537114d0c35","Directed","true"
"id-eeef1d9948984a809a0cb4657668092e","Directed","true"
"id-435fdb5e1e6e49cfa19aa82832563a27","Directed","true"
"id-4af8de1471e840949a709e143801a46e","Directed","true"
"id-29a4ae6dd45c4a2b9b950fae2dbc976b","Directed","true"
"id-2dd40d0e56774c4aa126d6a128422df6","Directed","true"
"id-fd992705bfce426283dd3299cc9e5afa","Directed","true"
"id-f19757fde079457e94acb8e27a5bdd50","Directed","true"
"id-220da8777c8a4a5aa91cc7a6572b74d3","Directed","true"
"id-e4455427c58f4d80adce5f5e824db82e","Directed","true"
"id-a29a844d1dd242f2ab9f48ec89a84f9b","Directed","true"
"id-716ef6d8e0814183b9b0a95212b9e5e9","Directed","true"
"id-765ea459fc5b4855b50f7fd511304fad","Directed","true"
"id-7038bbef01ba4d838ffc241cc6bf70e1","Directed","true"
"id-3d2b9ededd6e47008442b0401cdf4ed7","Directed","true"
"id-2dcc0b6443b246ed90f17f8720bea164","Directed","true"
"id-92539789a8464a2384174f67331bcdc4","Directed","true"
"id-8ad08cb5398340519f4f6c5e78704acb","Directed","true"
"id-f07347f3257e476185f84de48313547b","Directed","true"
"id-366848498d1248239c28ca41266276f3","Directed","true"
"id-0694135a0caa433bbcad26adb4e1dc1c","Directed","true"
"id-5a703b6f72a84bd0af9848c993ed6b1b","Directed","true"
"id-02d9d75ae77e479bbe5866d9be22a868","Directed","true"
"id-6eebb4c1ed70420f9d17b5ca25c83909","Directed","true"
"id-8cd969f9467b402fadde15efdf11e6bb","Directed","true"
"id-0ec15a0a7ec744d085b5da298ba70901","Directed","true"
"id-e18000dbeca0437286c20e40909b2add","Directed","true"
"id-244d2551d25742f3ac1afb664880d9e6","Directed","true"
"id-9d5907ab76fa4e8ab999f6d9ae67f844","Directed","true"
"id-5838ab1d3e544607b2becdddcb442f2a","Directed","true"
"id-2b39f964d9474376a4a8cf757ba832b8","Directed","true"
"id-8532d32375c947038cf91f5eb2666765","Directed","true"
"id-26a5cfd848254366a235aec145527b47","Directed","true"
"id-a48efede54614a4195b3e31ed261db13","Directed","true"
"id-8118e73d4d3b4f5ca06466e57bcc01ca","Directed","true"
"id-701d9d2660e04133bd78369c99854487","Directed","true"
"id-afda05a4858f4d9594a8409e11c8bc55","Directed","true"
"id-719ded13c3994e9cb9afb6b6844511f9","Directed","true"
"id-e6c56569aeb046a985ec8aad9562735b","Directed","true"
"id-9248f56017604cd387834bd7b3068350","Directed","true"
"id-f334777f75af416eacaf7622cfc67132","Directed","true"
"id-593510fdad844a70acdb77fe3a42d76f","Directed","true"
"id-f2e60c87f375462888b40aa1ab24bf38","Directed","true"
"id-d42c0a7aee424bb28076c7e87aa9b334","Directed","true"
"id-a2cc9809f1844c5eb34022878fd23bc5","Directed","true"
"id-56fbe062c39f4981be5f89435793a5cb","Directed","true"
"id-d33018a02ef640c69b0687c97beb196a","Directed","true"
"id-83dc34ba9eb442fc9d087e06759479c7","Directed","true"
"id-bc86e3647ddb443db558c99737d1165f","Directed","true"
"id-52b72a67cb164d2584cc94bdee02808d","Directed","true"
"id-1ce252b2feb04e83a8d10f557e5dc9b6","Directed","true"
"id-f29c08e32c824d1683b38245df3ba440","Directed","true"
"id-a46a0f6f26d049bd9111e9343d31da1f","Directed","true"
"id-26be7b16b1aa448895857c9493ec18be","Directed","true"
"id-1541c3d1a348487f82f620af68e4c612","Directed","true"
"id-b391a6fa969f4391807a8aa27c7f6e9b","Directed","true"
"id-d357c7096f7c475186014fb8fe2aa4e2","Directed","true"
"id-f9745625e8d24ff9b811178a5b519019","Directed","true"
"id-97e6bf52edd54f47a9cdaaed0382d95a","Directed","true"
"id-47bf2fcc0b24437cb18eae9563c375dc","Directed","true"
"id-7610520d0940499da025caea95ba8473","Directed","true"
"id-8938277b8189427eae31c348fdd90ff5","Directed","true"
"id-fffc8855e5ce424cbac5711820d9b32a","Directed","true"
"id-5bf8693daa4e434a8badb71affeef455","Directed","true"
"id-156727f23928428b8882c4ac0ef1065d","Directed","true"
"id-ab2b42e059944dd0bea59c6583b54ab9","Directed","true"
"id-81bd806ca7434b758f04f31159089cd8","Directed","true"
"id-13879b0ebfa5413eb70695f31d7db7b4","Directed","true"
"id-dee47925a4404975830adee33763a5ce","Directed","true"
"id-cb7ca97d34484eb1adff2db9dabec454","Directed","true"
"id-387c6700a8754bba8c51bd324c4a0038","Directed","true"
"id-7760f5a6ac2c4da1b7362f8f55beb117","Directed","true"
"id-d7d2962ed3ad445184cca8e0bbe50859","Directed","true"
"id-641af3b3b729426eab8c8e6804fb951d","Directed","true"
"id-3dc11bbd4d114344b9cc926f4f021414","Directed","true"
"id-825935f6054c4951985fbc61b275bc59","Directed","true"
"id-af111f7b55e742b8a0de101b1ea6006d","Directed","true"
"id-6c78c0e7a8d7487ea678555e23c6eae5","Directed","true"
"id-3edfd90f84e5479abdab9624717a674e","Directed","true"
"id-084da545868244b18dd97cfe05c1f031","Directed","true"
"id-2896649ae6084d18b1fa10250378fc16","Directed","true"
"id-f7068013f9e546ba9b24973fb56d5374","Directed","true"
"id-81a1342aef044ca3911cc4fe1fb14b9e","Directed","true"
"id-6a80904e0b0c40d3b30286aaf6d8731b","Directed","true"
"id-a00fc2a06a3345da98ab014f96868eed","Directed","true"
"id-19dbdcc98cac4ad3a71d49714817edea","Directed","true"
"id-ffc15678a8f247b59f9797c0dedb4275","Directed","true"
"id-17666823bff747929322ae1b85ebe8cf","Directed","true"
"id-54b41fef045545779f22426cf778e7b7","Directed","true"
"id-81efeadd4dbf436d813db80c9963a43c","Directed","true"
"id-2f5749b92c3840588143d39095e50c76","Directed","true"
"id-1a0edf1888124a3fabcd294d107b2a72","Directed","true"
"id-7734260666504f718ac01cb50b882df2","Directed","true"
"id-bcb47881c1b0466898f22742f78acd12","Directed","true"
"id-ba74f5233fca494f92681e02d46a9cba","Directed","true"
"id-131c08b61d6646de9e27cdf2f50e0730","Directed","true"
"id-255014aecadc4c01a7a43d6f9fb653a7","Directed","true"
"id-3330bad6b56f45c8a336918d5cc9c345","Directed","true"
"id-713e34206d2442faa622039faaeab87b","Directed","true"
"id-118244ab97d347e480743c434c93a4a8","Directed","true"
"id-5e1f077017ff40d6b8975270dec83bc6","Directed","true"
"id-cdc51b49db9d4474b63b58f3a2106556","Directed","true"
"id-9a19f4067ad0433698910f43f86be72a","Directed","true"
"id-25db3d361e1d499790376814382af59f","Directed","true"
"id-2c1fc4150fa34db6b6e8d8c5b78d0af6","Directed","true"
"id-8961ec076dfa4922a5755a8abe7cbf62","Directed","true"
"id-86c39f614e2d4e6c929795de5ea1b67d","Directed","true"
"id-a1db4755ab374720829a8ef3518c0c92","Directed","true"
"id-382f9704b98e4596a6f5d8e27de2dbfc","Directed","true"
"id-e5e740a8539d44acb9ba3c7923eb0088","Directed","true"
"id-21feeb95a9f6417287f436b0b6ee6458","Directed","true"
"id-489205e502414c16bea48767020b0c18","Directed","true"
"id-241af8a4ca5d489ca2c91a7e9b8e2a96","Directed","true"
"id-5df267501ab44a2692894fcb24a69ac5","Directed","true"
"id-b14fca8d9b8b4a32b5da5dabad426fdf","Directed","true"
"id-7a501f752df64e89b6cd0ad62b797c1c","Directed","true"
"id-2bcb1874a6ae455fa98d96d34f2df66c","Directed","true"
"id-5171f50bb1e34e318c16397e491ebae4","Directed","true"
"id-a6eadd16a8d44e4294c718239a055533","Directed","true"
"id-8671bd9f3dc6454db42b7487269d9470","Directed","true"
"id-54636525b7674abea3514d95e607f415","Directed","true"
"id-1f5a9803dbcf4797b624c464c05137da","Directed","true"
"id-f0a5e6022bdf4b068633540eb88196a6","Directed","true"
"id-6c892a0c7a46413490bd745e0406553e","Directed","true"
"id-5fe182bdbc5648c19d4c80b0ffb0493e","Directed","true"
"id-3c153e9ff11c41b9a7e3ded21c8ddc65","Directed","true"
"id-1040c8c099494aee8fd6989ff15736f0","Directed","true"
"id-17cedef0d2be4d7584feac3a69ba7c01","Directed","true"
"id-4adaf854656444b1bb85f7fe7bad67e1","Directed","true"
"id-3c34a2390955404bb4ed95e00f492900","Directed","true"
"id-b402ac3b0de340debe2666e4407bed05","Directed","true"
"id-ae2bd9eb6f6942f0befed529d237da45","Directed","true"
"id-de86e2353a07441fae3ab0bf183ed255","Directed","true"
"id-051893c2efb747749e6f506c9e9f4418","Directed","true"
"id-f8727c47d1e045f5a374b45b90779363","Directed","true"
"id-9f00a2392834467484fca142af040fdf","Directed","true"
"id-be5fb2acf1ab463f9b87815c6927b1d5","Directed","true"
"id-698d4e94780746c693be4be6d3562627","Directed","false"
"id-8eec1b5880664029acb28e0e97d658f3","Directed","true"
"id-5bc34798bb82478fa9b8cb37682e6f87","Directed","true"
"id-6ab2d7b33db74cf2a122162cd919d3ec","Directed","true"
"id-fb2052e21d7443e7946a5f86813fd3c1","Directed","true"
"id-f9bc662e4b224a38a57208271146a18f","Directed","true"
"id-103185f7d4dc41ceb0dccdb57e599df1","Directed","true"
"id-af1ceefafbb240f1b6760a9242afd225","Directed","true"
"id-f4b986d7d61c417a81e5c7cf4e9e170d","Directed","true"
"id-76ec27db8b974c23b8a5b9903888076a","Directed","true"
"id-ff8545dcfa5a4ca5a484b8022f651a6d","Directed","true"
"id-6db1b21e8081406fa3b36c6f7475fd68","Directed","true"
"id-1b1a88a914a0418fa36fff693011ff8d","Directed","true"
"id-c1a1e4c5c849469bbe5712388dc3b19e","Directed","true"
"id-d57f1fe44cc948c084580a15ae551cee","Directed","true"
"id-c722bada15ad46d98fa9fec541ea7bbc","Directed","true"
"id-158d693083374ba6ad11aa7c8cf5c62a","Directed","true"
"id-126c76c05fee479a9694b66c9b22206f","Directed","true"
"id-d7d0b50603874c4487305da0806f3fdc","Directed","true"
"id-6242607c1eda4276b941d25637ef0618","Directed","true"
"id-491c2b46f6054e198f89399492d7483a","Directed","true"
"id-824f6de40e9c495ba9dbe753cef9b689","Directed","true"
"id-2f15c909ef7b421f81c52e32576f9a72","Directed","true"
"id-85687161fee14f83b08674146894a613","Directed","true"
"id-c2dde80af35742678a0825e4602308b4","Directed","true"
"id-46e5df9b974a4010bcaf702933d98ae8","Directed","true"
"id-3100e4e5841b497b9fd911c8c4d16c49","Directed","true"
"id-5fc6b0dfd7cb41d29711e1447c21446e","Directed","true"
"id-f0954c6e02f049d3bde3bb0622bad8e5","Directed","true"
"id-8b78214ca52a445cbe8a2435f7fd19d4","Directed","true"
"id-75592c5f725e4bfbb0dd732627d634b8","Directed","true"